<DataBase>
  <Device>
    <ChipInfo Vendor="Silicon Labs" Name="EFR32MG21B020F1024" Core="JLINK_CORE_CORTEX_M33" WorkRAMAddr="0x20000000" WorkRAMSize="0x14000" JLinkScriptFile="mg21_fpga.JLinkScript" />
    <FlashBankInfo Name="M33 Flash" BaseAddr="0x00000000" MaxSize="0x100000" Loader="mg21_fpga.elf" LoaderType="FLASH_ALGO_TYPE_OPEN" />
  </Device>
  <Device>
    <ChipInfo Vendor="Silicon Labs" Name="RM21Z000F1024" Core="JLINK_CORE_CORTEX_M33" WorkRAMAddr="0x20000000" WorkRAMSize="0x14000" JLinkScriptFile="mg21_fpga.JLinkScript" />
    <FlashBankInfo Name="M33 Flash" BaseAddr="0x00000000" MaxSize="0x100000" Loader="mg21_fpga.elf" LoaderType="FLASH_ALGO_TYPE_OPEN" />
  </Device>
</DataBase>
